NS;Author name;Author address;Quartile;Times cited;Article type;Authors;Aticle title;Article source;Year;Volume (issue): pages-article#;WOS number;WOS link;Doi link
;"Sade, Leyla Elif";"Univ Baskent, Dept Cardiol, Ankara, Turkey";Q1;55;"Editorial Material";"Skulstad, H; Cosyns, B; Popescu, BA; Galderisi, M; Di Salvo, G; Donal, E; Petersen, S; Gimelli, A; Haugaa, KH; Muraru, D; Almeida, AG; Schulz-Menger, J; Dweck, MR; Pontone, G; Sade, LE; Gerber, B; Maurovich-Horvat, P; Bharucha, T; Cameli, M; Magne, J; Westwood, M; Maurer, G; Edvardsen, T";"COVID-19 pandemic and cardiac imaging: EACVI recommendations on precautions, indications, prioritization, and protection for patients and healthcare personnel";"EUROPEAN HEART JOURNAL-CARDIOVASCULAR IMAGING";2020;"21(6):592-598";WOS:000553306300002;https://gateway.webofknowledge.com/gateway/Gateway.cgi?GWVersion=2&SrcApp=Publons&SrcAuth=Publons_CEL&KeyUT=WOS:000553306300002&DestLinkType=FullRecord&DestApp=WOS_CPL;https://doi.org/10.1093/ehjci/jeaa072
;"Sade, Leyla Elif";"Baskent Univ, Dept Cardiol, Ankara, Turkey";Q1;15;"Article";"Dweck, MR; Bularga, A; Hahn, RT; Bing, R; Lee, KK; Chapman, AR; White, A; Di Salvo, G; Sade, LE; Pearce, K; Newby, DE; Popescu, BA; Donal, E; Cosyns, B; Edvardsen, T; Mills, NL; Haugaa, K";"Global evaluation of echocardiography in patients with COVID-19";"EUROPEAN HEART JOURNAL-CARDIOVASCULAR IMAGING";2020;"21(9):949-958";WOS:000566727900002;https://gateway.webofknowledge.com/gateway/Gateway.cgi?GWVersion=2&SrcApp=Publons&SrcAuth=Publons_CEL&KeyUT=WOS:000566727900002&DestLinkType=FullRecord&DestApp=WOS_CPL;https://doi.org/10.1093/ehjci/jeaa178
;"Azreg-Ainou, Mustapha";"Baskent Univ, Fac Engn, Baglica Campus, TR-06790 Ankara, Turkey";Q1;13;"Article";"Liu, C; Zhu, T; Wu, Q; Jusufi, K; Jamil, M; Azreg-Ainou, M; Wang, A";"Shadow and quasinormal modes of a rotating loop quantum black hole";"PHYSICAL REVIEW D";2020;"101(8):-84001";WOS:000534726200001;https://gateway.webofknowledge.com/gateway/Gateway.cgi?GWVersion=2&SrcApp=Publons&SrcAuth=Publons_CEL&KeyUT=WOS:000534726200001&DestLinkType=FullRecord&DestApp=WOS_CPL;https://doi.org/10.1103/PhysRevD.101.084001
;"Apak, Fatma Burcu Belen";"Baskent Univ, Fac Med, Dept Pediat Hematol & Oncol, Ankara, Turkey";Q4;9;"Article";"Belen-Apak, FB; Sarialioglu, F";"The old but new: Can unfractioned heparin and low molecular weight heparins inhibit proteolytic activation and cellular internalization of SARS-CoV2 by inhibition of host cell proteases?";"MEDICAL HYPOTHESES";2020;"142:-109743";WOS:000565195600036;https://gateway.webofknowledge.com/gateway/Gateway.cgi?GWVersion=2&SrcApp=Publons&SrcAuth=Publons_CEL&KeyUT=WOS:000565195600036&DestLinkType=FullRecord&DestApp=WOS_CPL;https://doi.org/10.1016/j.mehy.2020.109743
;"Sarialioglu, F.";"Baskent Univ, Fac Med, Dept Pediat Hematol & Oncol, Ankara, Turkey";Q4;9;"Article";"Belen-Apak, FB; Sarialioglu, F";"The old but new: Can unfractioned heparin and low molecular weight heparins inhibit proteolytic activation and cellular internalization of SARS-CoV2 by inhibition of host cell proteases?";"MEDICAL HYPOTHESES";2020;"142:-109743";WOS:000565195600036;https://gateway.webofknowledge.com/gateway/Gateway.cgi?GWVersion=2&SrcApp=Publons&SrcAuth=Publons_CEL&KeyUT=WOS:000565195600036&DestLinkType=FullRecord&DestApp=WOS_CPL;https://doi.org/10.1016/j.mehy.2020.109743
;"Apak, Fatma Burcu Belen";"Baskent Univ, Fac Med, Dept Paediat Haemotol & Oncol, Sehit Temel Kuguluoglu Str 24, Ankara, Turkey";Q3;9;"Letter";"Belen-Apak, FB; Sarialioglu, F";"Pulmonary intravascular coagulation in COVID-19: possible pathogenesis and recommendations on anticoagulant/thrombolytic therapy";"JOURNAL OF THROMBOSIS AND THROMBOLYSIS";2020;"50(2):278-280";WOS:000530608400001;https://gateway.webofknowledge.com/gateway/Gateway.cgi?GWVersion=2&SrcApp=Publons&SrcAuth=Publons_CEL&KeyUT=WOS:000530608400001&DestLinkType=FullRecord&DestApp=WOS_CPL;https://doi.org/10.1007/s11239-020-02129-0
;"Sarialioglu, F.";"Baskent Univ, Fac Med, Dept Paediat Haemotol & Oncol, Sehit Temel Kuguluoglu Str 24, Ankara, Turkey";Q3;9;"Letter";"Belen-Apak, FB; Sarialioglu, F";"Pulmonary intravascular coagulation in COVID-19: possible pathogenesis and recommendations on anticoagulant/thrombolytic therapy";"JOURNAL OF THROMBOSIS AND THROMBOLYSIS";2020;"50(2):278-280";WOS:000530608400001;https://gateway.webofknowledge.com/gateway/Gateway.cgi?GWVersion=2&SrcApp=Publons&SrcAuth=Publons_CEL&KeyUT=WOS:000530608400001&DestLinkType=FullRecord&DestApp=WOS_CPL;https://doi.org/10.1007/s11239-020-02129-0
;"Altay, Hakan";"Baskent Univ, Istanbul Hastanesi, Saglik Uygulama Arastirma Merkezi, Istanbul, Turkey";ES;8;"Article";"Aktoz, M; Altay, H; Aslanger, E; Atalar, E; Aytekin, V; Baykan, AO; Barcin, C; Baris, N; Boyaci, AA; Cavusoglu, Y; Celik, A; Cinier, G; Degertekin, M; Ergonul, O; Erturk, M; Erol, MK; Gorenek, B; Gursoy, MO; Hunuk, B; Kahveci, G; Karabay, CY; Karaca, I; Kayikcioglu, M; Keskin, M; Kilic, T; Kirma, C; Kocabas, U; Kucukoglu, S; Mutlu, B; Nalbantgil, S; Okuyan, E; Okyay, K; Ozen, DK; Ozgul, S; Ozpelit, E; Pirat, B; Sert, S; Sinan, UY; Sener, YZ; Tatli, E; Tekkesin, AI; Tutar, E; Ural, D; Yildirimturk, O";"Turk Cardiology Association Completion Report: COVID-19 Pandemic and Things to Know About Cardiovascular Diseases (25 March 2020)";"TURK KARDIYOLOJI DERNEGI ARSIVI-ARCHIVES OF THE TURKISH SOCIETY OF CARDIOLOGY";2020;"48:1-48";WOS:000526091300001;https://gateway.webofknowledge.com/gateway/Gateway.cgi?GWVersion=2&SrcApp=Publons&SrcAuth=Publons_CEL&KeyUT=WOS:000526091300001&DestLinkType=FullRecord&DestApp=WOS_CPL;https://doi.org/10.5543/tkda.2020.97198
;"Okyay, Kaan";"Baskent Univ, Tip Fak, Kardiyol Anabilim Dali, Ankara, Turkey";ES;8;"Article";"Aktoz, M; Altay, H; Aslanger, E; Atalar, E; Aytekin, V; Baykan, AO; Barcin, C; Baris, N; Boyaci, AA; Cavusoglu, Y; Celik, A; Cinier, G; Degertekin, M; Ergonul, O; Erturk, M; Erol, MK; Gorenek, B; Gursoy, MO; Hunuk, B; Kahveci, G; Karabay, CY; Karaca, I; Kayikcioglu, M; Keskin, M; Kilic, T; Kirma, C; Kocabas, U; Kucukoglu, S; Mutlu, B; Nalbantgil, S; Okuyan, E; Okyay, K; Ozen, DK; Ozgul, S; Ozpelit, E; Pirat, B; Sert, S; Sinan, UY; Sener, YZ; Tatli, E; Tekkesin, AI; Tutar, E; Ural, D; Yildirimturk, O";"Turk Cardiology Association Completion Report: COVID-19 Pandemic and Things to Know About Cardiovascular Diseases (25 March 2020)";"TURK KARDIYOLOJI DERNEGI ARSIVI-ARCHIVES OF THE TURKISH SOCIETY OF CARDIOLOGY";2020;"48:1-48";WOS:000526091300001;https://gateway.webofknowledge.com/gateway/Gateway.cgi?GWVersion=2&SrcApp=Publons&SrcAuth=Publons_CEL&KeyUT=WOS:000526091300001&DestLinkType=FullRecord&DestApp=WOS_CPL;https://doi.org/10.5543/tkda.2020.97198
;"Fidan, Cihan";"Baskent Univ, Dept Family Med, Fac Med, Ankara, Turkey";Q4;7;"Letter";"Fidan, C; Aydogdu, A";"As a potential treatment of COVID-19: Montelukast";"MEDICAL HYPOTHESES";2020;"142:-109828";WOS:000565195600019;https://gateway.webofknowledge.com/gateway/Gateway.cgi?GWVersion=2&SrcApp=Publons&SrcAuth=Publons_CEL&KeyUT=WOS:000565195600019&DestLinkType=FullRecord&DestApp=WOS_CPL;https://doi.org/10.1016/j.mehy.2020.109828
;"Ak, Aysegul";"Baskent Univ, Ankara, Turkey";Q1;7;"Article";"Wang, L; Vo, XV; Shahbaz, M; Ak, A";"Globalization and carbon emissions: Is there any role of agriculture value-added, financial development, and natural resource rent in the aftermath of COP21?";"JOURNAL OF ENVIRONMENTAL MANAGEMENT";2020;"268:-110712";WOS:000538936000051;https://gateway.webofknowledge.com/gateway/Gateway.cgi?GWVersion=2&SrcApp=Publons&SrcAuth=Publons_CEL&KeyUT=WOS:000538936000051&DestLinkType=FullRecord&DestApp=WOS_CPL;https://doi.org/10.1016/j.jenvman.2020.110712
;"Ozdemir, B. Handan";"Baskent Univ, Dept Pathol, Sch Med, Ankara, Turkey";Q1;7;"Review";"Schinstock, CA; Mannon, RB; Budde, K; Chong, AS; Haas, M; Knechtle, S; Lefaucheur, C; Montgomery, RA; Nickerson, P; Tullius, SG; Ahn, C; Askar, M; Crespo, M; Chadban, SJ; Feng, S; Jordan, SC; Man, K; Mengel, M; Morris, RE; O'Doherty, I; Ozdemir, BH; Seron, D; Tambur, AR; Tanabe, K; Taupin, JL; O'Connell, PJ";"Recommended Treatment for Antibody-mediated Rejection After Kidney Transplantation: The 2019 Expert Consensus From the Transplantion Society Working Group";"TRANSPLANTATION";2020;"104(5):911-922";WOS:000529904400019;https://gateway.webofknowledge.com/gateway/Gateway.cgi?GWVersion=2&SrcApp=Publons&SrcAuth=Publons_CEL&KeyUT=WOS:000529904400019&DestLinkType=FullRecord&DestApp=WOS_CPL;https://doi.org/10.1097/TP.0000000000003095
;"Akdur, Aydincan";"Baskent Univ, Dept Gen Surg, Div Transplantat, Ankara, Turkey";Q4;6;"Article";"Akdur, A; Karakaya, E; Soy, EHA; Alshalabi, O; Kirnap, M; Arslan, H; Ulubay, G; Hekimoglu, K; Moray, G; Haberal, M";"Coronavirus Disease (COVID-19) in Kidney and Liver Transplant Patients: A Single-Center Experience";"EXPERIMENTAL AND CLINICAL TRANSPLANTATION";2020;"18(3):270-274";WOS:000537447100002;https://gateway.webofknowledge.com/gateway/Gateway.cgi?GWVersion=2&SrcApp=Publons&SrcAuth=Publons_CEL&KeyUT=WOS:000537447100002&DestLinkType=FullRecord&DestApp=WOS_CPL;https://doi.org/10.6002/ect.2020.0193
;"Karakaya, Emre";"Baskent Univ, Dept Gen Surg, Div Transplantat, Ankara, Turkey";Q4;6;"Article";"Akdur, A; Karakaya, E; Soy, EHA; Alshalabi, O; Kirnap, M; Arslan, H; Ulubay, G; Hekimoglu, K; Moray, G; Haberal, M";"Coronavirus Disease (COVID-19) in Kidney and Liver Transplant Patients: A Single-Center Experience";"EXPERIMENTAL AND CLINICAL TRANSPLANTATION";2020;"18(3):270-274";WOS:000537447100002;https://gateway.webofknowledge.com/gateway/Gateway.cgi?GWVersion=2&SrcApp=Publons&SrcAuth=Publons_CEL&KeyUT=WOS:000537447100002&DestLinkType=FullRecord&DestApp=WOS_CPL;https://doi.org/10.6002/ect.2020.0193
;"Soy, Ebru H. Ayvazoglu";"Baskent Univ, Dept Gen Surg, Div Transplantat, Ankara, Turkey";Q4;6;"Article";"Akdur, A; Karakaya, E; Soy, EHA; Alshalabi, O; Kirnap, M; Arslan, H; Ulubay, G; Hekimoglu, K; Moray, G; Haberal, M";"Coronavirus Disease (COVID-19) in Kidney and Liver Transplant Patients: A Single-Center Experience";"EXPERIMENTAL AND CLINICAL TRANSPLANTATION";2020;"18(3):270-274";WOS:000537447100002;https://gateway.webofknowledge.com/gateway/Gateway.cgi?GWVersion=2&SrcApp=Publons&SrcAuth=Publons_CEL&KeyUT=WOS:000537447100002&DestLinkType=FullRecord&DestApp=WOS_CPL;https://doi.org/10.6002/ect.2020.0193
;"Alshalabi, Omar";"Baskent Univ, Dept Gen Surg, Div Transplantat, Ankara, Turkey";Q4;6;"Article";"Akdur, A; Karakaya, E; Soy, EHA; Alshalabi, O; Kirnap, M; Arslan, H; Ulubay, G; Hekimoglu, K; Moray, G; Haberal, M";"Coronavirus Disease (COVID-19) in Kidney and Liver Transplant Patients: A Single-Center Experience";"EXPERIMENTAL AND CLINICAL TRANSPLANTATION";2020;"18(3):270-274";WOS:000537447100002;https://gateway.webofknowledge.com/gateway/Gateway.cgi?GWVersion=2&SrcApp=Publons&SrcAuth=Publons_CEL&KeyUT=WOS:000537447100002&DestLinkType=FullRecord&DestApp=WOS_CPL;https://doi.org/10.6002/ect.2020.0193
;"Kirnap, Mahir";"Baskent Univ, Dept Gen Surg, Div Transplantat, Ankara, Turkey";Q4;6;"Article";"Akdur, A; Karakaya, E; Soy, EHA; Alshalabi, O; Kirnap, M; Arslan, H; Ulubay, G; Hekimoglu, K; Moray, G; Haberal, M";"Coronavirus Disease (COVID-19) in Kidney and Liver Transplant Patients: A Single-Center Experience";"EXPERIMENTAL AND CLINICAL TRANSPLANTATION";2020;"18(3):270-274";WOS:000537447100002;https://gateway.webofknowledge.com/gateway/Gateway.cgi?GWVersion=2&SrcApp=Publons&SrcAuth=Publons_CEL&KeyUT=WOS:000537447100002&DestLinkType=FullRecord&DestApp=WOS_CPL;https://doi.org/10.6002/ect.2020.0193
;"Moray, Gokhan";"Baskent Univ, Dept Gen Surg, Div Transplantat, Ankara, Turkey";Q4;6;"Article";"Akdur, A; Karakaya, E; Soy, EHA; Alshalabi, O; Kirnap, M; Arslan, H; Ulubay, G; Hekimoglu, K; Moray, G; Haberal, M";"Coronavirus Disease (COVID-19) in Kidney and Liver Transplant Patients: A Single-Center Experience";"EXPERIMENTAL AND CLINICAL TRANSPLANTATION";2020;"18(3):270-274";WOS:000537447100002;https://gateway.webofknowledge.com/gateway/Gateway.cgi?GWVersion=2&SrcApp=Publons&SrcAuth=Publons_CEL&KeyUT=WOS:000537447100002&DestLinkType=FullRecord&DestApp=WOS_CPL;https://doi.org/10.6002/ect.2020.0193
;"Haberal, Mehmet";"Baskent Univ, Dept Gen Surg, Div Transplantat, Ankara, Turkey";Q4;6;"Article";"Akdur, A; Karakaya, E; Soy, EHA; Alshalabi, O; Kirnap, M; Arslan, H; Ulubay, G; Hekimoglu, K; Moray, G; Haberal, M";"Coronavirus Disease (COVID-19) in Kidney and Liver Transplant Patients: A Single-Center Experience";"EXPERIMENTAL AND CLINICAL TRANSPLANTATION";2020;"18(3):270-274";WOS:000537447100002;https://gateway.webofknowledge.com/gateway/Gateway.cgi?GWVersion=2&SrcApp=Publons&SrcAuth=Publons_CEL&KeyUT=WOS:000537447100002&DestLinkType=FullRecord&DestApp=WOS_CPL;https://doi.org/10.6002/ect.2020.0193
;"Arslan, Hande";"Baskent Univ, Dept Infect Dis, Ankara, Turkey";Q4;6;"Article";"Akdur, A; Karakaya, E; Soy, EHA; Alshalabi, O; Kirnap, M; Arslan, H; Ulubay, G; Hekimoglu, K; Moray, G; Haberal, M";"Coronavirus Disease (COVID-19) in Kidney and Liver Transplant Patients: A Single-Center Experience";"EXPERIMENTAL AND CLINICAL TRANSPLANTATION";2020;"18(3):270-274";WOS:000537447100002;https://gateway.webofknowledge.com/gateway/Gateway.cgi?GWVersion=2&SrcApp=Publons&SrcAuth=Publons_CEL&KeyUT=WOS:000537447100002&DestLinkType=FullRecord&DestApp=WOS_CPL;https://doi.org/10.6002/ect.2020.0193
;"Ulubay, Gaye";"Baskent Univ, Dept Pulm Dis, Ankara, Turkey";Q4;6;"Article";"Akdur, A; Karakaya, E; Soy, EHA; Alshalabi, O; Kirnap, M; Arslan, H; Ulubay, G; Hekimoglu, K; Moray, G; Haberal, M";"Coronavirus Disease (COVID-19) in Kidney and Liver Transplant Patients: A Single-Center Experience";"EXPERIMENTAL AND CLINICAL TRANSPLANTATION";2020;"18(3):270-274";WOS:000537447100002;https://gateway.webofknowledge.com/gateway/Gateway.cgi?GWVersion=2&SrcApp=Publons&SrcAuth=Publons_CEL&KeyUT=WOS:000537447100002&DestLinkType=FullRecord&DestApp=WOS_CPL;https://doi.org/10.6002/ect.2020.0193
;"Hekimoglu, Koray";"Baskent Univ, Dept Radiol, Ankara, Turkey";Q4;6;"Article";"Akdur, A; Karakaya, E; Soy, EHA; Alshalabi, O; Kirnap, M; Arslan, H; Ulubay, G; Hekimoglu, K; Moray, G; Haberal, M";"Coronavirus Disease (COVID-19) in Kidney and Liver Transplant Patients: A Single-Center Experience";"EXPERIMENTAL AND CLINICAL TRANSPLANTATION";2020;"18(3):270-274";WOS:000537447100002;https://gateway.webofknowledge.com/gateway/Gateway.cgi?GWVersion=2&SrcApp=Publons&SrcAuth=Publons_CEL&KeyUT=WOS:000537447100002&DestLinkType=FullRecord&DestApp=WOS_CPL;https://doi.org/10.6002/ect.2020.0193
;"Sezer, Siren";"Baskent Univ, Sch Med, Dept Nephrol, Ankara, Turkey";Q1;4;"Review";"Carrero, JJ; Gonzalez-Ortiz, A; Avesani, CM; Bakker, SJL; Bellizzi, V; Chauveau, P; Clase, CM; Cupisti, A; Espinosa-Cuevas, A; Molina, P; Moreau, K; Piccoli, GB; Post, A; Sezer, S; Fouque, D";"Plant-based diets to manage the risks and complications of chronic kidney disease";"NATURE REVIEWS NEPHROLOGY";2020;"16(9):525-542";WOS:000539899700001;https://gateway.webofknowledge.com/gateway/Gateway.cgi?GWVersion=2&SrcApp=Publons&SrcAuth=Publons_CEL&KeyUT=WOS:000539899700001&DestLinkType=FullRecord&DestApp=WOS_CPL;https://doi.org/10.1038/s41581-020-0297-2
;"Arslan, Hande";"Baskent Univ, Dept Infect Dis, Ankara, Turkey";Q4;4;"Article";"Arslan, H; Musabak, U; Soy, EHA; Azap, OK; Sayin, B; Akcay, S; Haberal, KM; Akdur, A; Yildirim, S; Haberal, M";"Incidence and Immunologic Analysis of Coronavirus Disease (COVID-19) in Hemodialysis Patients: A Single-Center Experience";"EXPERIMENTAL AND CLINICAL TRANSPLANTATION";2020;"18(3):275-283";WOS:000537447100003;https://gateway.webofknowledge.com/gateway/Gateway.cgi?GWVersion=2&SrcApp=Publons&SrcAuth=Publons_CEL&KeyUT=WOS:000537447100003&DestLinkType=FullRecord&DestApp=WOS_CPL;https://doi.org/10.6002/ect.2020.0194
;"Azap, Ozlem Kurt";"Baskent Univ, Dept Infect Dis, Ankara, Turkey";Q4;4;"Article";"Arslan, H; Musabak, U; Soy, EHA; Azap, OK; Sayin, B; Akcay, S; Haberal, KM; Akdur, A; Yildirim, S; Haberal, M";"Incidence and Immunologic Analysis of Coronavirus Disease (COVID-19) in Hemodialysis Patients: A Single-Center Experience";"EXPERIMENTAL AND CLINICAL TRANSPLANTATION";2020;"18(3):275-283";WOS:000537447100003;https://gateway.webofknowledge.com/gateway/Gateway.cgi?GWVersion=2&SrcApp=Publons&SrcAuth=Publons_CEL&KeyUT=WOS:000537447100003&DestLinkType=FullRecord&DestApp=WOS_CPL;https://doi.org/10.6002/ect.2020.0194
;"Musabak, Ugur";"Baskent Univ, Dept Immunol, Ankara, Turkey";Q4;4;"Article";"Arslan, H; Musabak, U; Soy, EHA; Azap, OK; Sayin, B; Akcay, S; Haberal, KM; Akdur, A; Yildirim, S; Haberal, M";"Incidence and Immunologic Analysis of Coronavirus Disease (COVID-19) in Hemodialysis Patients: A Single-Center Experience";"EXPERIMENTAL AND CLINICAL TRANSPLANTATION";2020;"18(3):275-283";WOS:000537447100003;https://gateway.webofknowledge.com/gateway/Gateway.cgi?GWVersion=2&SrcApp=Publons&SrcAuth=Publons_CEL&KeyUT=WOS:000537447100003&DestLinkType=FullRecord&DestApp=WOS_CPL;https://doi.org/10.6002/ect.2020.0194
;"Soy, Ebru H. Ayvazoglu";"Baskent Univ, Dept Gen Surg, Div Transplantat, Ankara, Turkey";Q4;4;"Article";"Arslan, H; Musabak, U; Soy, EHA; Azap, OK; Sayin, B; Akcay, S; Haberal, KM; Akdur, A; Yildirim, S; Haberal, M";"Incidence and Immunologic Analysis of Coronavirus Disease (COVID-19) in Hemodialysis Patients: A Single-Center Experience";"EXPERIMENTAL AND CLINICAL TRANSPLANTATION";2020;"18(3):275-283";WOS:000537447100003;https://gateway.webofknowledge.com/gateway/Gateway.cgi?GWVersion=2&SrcApp=Publons&SrcAuth=Publons_CEL&KeyUT=WOS:000537447100003&DestLinkType=FullRecord&DestApp=WOS_CPL;https://doi.org/10.6002/ect.2020.0194
;"Akdur, Aydincan";"Baskent Univ, Dept Gen Surg, Div Transplantat, Ankara, Turkey";Q4;4;"Article";"Arslan, H; Musabak, U; Soy, EHA; Azap, OK; Sayin, B; Akcay, S; Haberal, KM; Akdur, A; Yildirim, S; Haberal, M";"Incidence and Immunologic Analysis of Coronavirus Disease (COVID-19) in Hemodialysis Patients: A Single-Center Experience";"EXPERIMENTAL AND CLINICAL TRANSPLANTATION";2020;"18(3):275-283";WOS:000537447100003;https://gateway.webofknowledge.com/gateway/Gateway.cgi?GWVersion=2&SrcApp=Publons&SrcAuth=Publons_CEL&KeyUT=WOS:000537447100003&DestLinkType=FullRecord&DestApp=WOS_CPL;https://doi.org/10.6002/ect.2020.0194
;"Yildirim, Sedat";"Baskent Univ, Dept Gen Surg, Div Transplantat, Ankara, Turkey";Q4;4;"Article";"Arslan, H; Musabak, U; Soy, EHA; Azap, OK; Sayin, B; Akcay, S; Haberal, KM; Akdur, A; Yildirim, S; Haberal, M";"Incidence and Immunologic Analysis of Coronavirus Disease (COVID-19) in Hemodialysis Patients: A Single-Center Experience";"EXPERIMENTAL AND CLINICAL TRANSPLANTATION";2020;"18(3):275-283";WOS:000537447100003;https://gateway.webofknowledge.com/gateway/Gateway.cgi?GWVersion=2&SrcApp=Publons&SrcAuth=Publons_CEL&KeyUT=WOS:000537447100003&DestLinkType=FullRecord&DestApp=WOS_CPL;https://doi.org/10.6002/ect.2020.0194
;"Haberal, Mehmet";"Baskent Univ, Dept Gen Surg, Div Transplantat, Ankara, Turkey";Q4;4;"Article";"Arslan, H; Musabak, U; Soy, EHA; Azap, OK; Sayin, B; Akcay, S; Haberal, KM; Akdur, A; Yildirim, S; Haberal, M";"Incidence and Immunologic Analysis of Coronavirus Disease (COVID-19) in Hemodialysis Patients: A Single-Center Experience";"EXPERIMENTAL AND CLINICAL TRANSPLANTATION";2020;"18(3):275-283";WOS:000537447100003;https://gateway.webofknowledge.com/gateway/Gateway.cgi?GWVersion=2&SrcApp=Publons&SrcAuth=Publons_CEL&KeyUT=WOS:000537447100003&DestLinkType=FullRecord&DestApp=WOS_CPL;https://doi.org/10.6002/ect.2020.0194
;"Sayin, Burak";"Baskent Univ, Dept Nephrol, Ankara, Turkey";Q4;4;"Article";"Arslan, H; Musabak, U; Soy, EHA; Azap, OK; Sayin, B; Akcay, S; Haberal, KM; Akdur, A; Yildirim, S; Haberal, M";"Incidence and Immunologic Analysis of Coronavirus Disease (COVID-19) in Hemodialysis Patients: A Single-Center Experience";"EXPERIMENTAL AND CLINICAL TRANSPLANTATION";2020;"18(3):275-283";WOS:000537447100003;https://gateway.webofknowledge.com/gateway/Gateway.cgi?GWVersion=2&SrcApp=Publons&SrcAuth=Publons_CEL&KeyUT=WOS:000537447100003&DestLinkType=FullRecord&DestApp=WOS_CPL;https://doi.org/10.6002/ect.2020.0194
;"Akcay, Sule";"Baskent Univ, Dept Pulm Dis, Ankara, Turkey";Q4;4;"Article";"Arslan, H; Musabak, U; Soy, EHA; Azap, OK; Sayin, B; Akcay, S; Haberal, KM; Akdur, A; Yildirim, S; Haberal, M";"Incidence and Immunologic Analysis of Coronavirus Disease (COVID-19) in Hemodialysis Patients: A Single-Center Experience";"EXPERIMENTAL AND CLINICAL TRANSPLANTATION";2020;"18(3):275-283";WOS:000537447100003;https://gateway.webofknowledge.com/gateway/Gateway.cgi?GWVersion=2&SrcApp=Publons&SrcAuth=Publons_CEL&KeyUT=WOS:000537447100003&DestLinkType=FullRecord&DestApp=WOS_CPL;https://doi.org/10.6002/ect.2020.0194
;"Haberal, K. Murat";"Baskent Univ, Dept Radiol, Ankara, Turkey";Q4;4;"Article";"Arslan, H; Musabak, U; Soy, EHA; Azap, OK; Sayin, B; Akcay, S; Haberal, KM; Akdur, A; Yildirim, S; Haberal, M";"Incidence and Immunologic Analysis of Coronavirus Disease (COVID-19) in Hemodialysis Patients: A Single-Center Experience";"EXPERIMENTAL AND CLINICAL TRANSPLANTATION";2020;"18(3):275-283";WOS:000537447100003;https://gateway.webofknowledge.com/gateway/Gateway.cgi?GWVersion=2&SrcApp=Publons&SrcAuth=Publons_CEL&KeyUT=WOS:000537447100003&DestLinkType=FullRecord&DestApp=WOS_CPL;https://doi.org/10.6002/ect.2020.0194
;"Sarialioglu, Faik";"Baskent Univ, Div Transplantat, Fac Med, Dept Pediat Hematol & Oncol, Ankara, Turkey";Q4;4;"Review";"Sarialioglu, F; Apak, FBB; Haberal, M";"Can Hepatitis A Vaccine Provide Protection Against COVID-19?";"EXPERIMENTAL AND CLINICAL TRANSPLANTATION";2020;"18(2):141-143";WOS:000525736000002;https://gateway.webofknowledge.com/gateway/Gateway.cgi?GWVersion=2&SrcApp=Publons&SrcAuth=Publons_CEL&KeyUT=WOS:000525736000002&DestLinkType=FullRecord&DestApp=WOS_CPL;https://doi.org/10.6002/ect.2020.0109
;"Apak, Fatma Burcu Belen";"Baskent Univ, Div Transplantat, Fac Med, Dept Pediat Hematol & Oncol, Ankara, Turkey";Q4;4;"Review";"Sarialioglu, F; Apak, FBB; Haberal, M";"Can Hepatitis A Vaccine Provide Protection Against COVID-19?";"EXPERIMENTAL AND CLINICAL TRANSPLANTATION";2020;"18(2):141-143";WOS:000525736000002;https://gateway.webofknowledge.com/gateway/Gateway.cgi?GWVersion=2&SrcApp=Publons&SrcAuth=Publons_CEL&KeyUT=WOS:000525736000002&DestLinkType=FullRecord&DestApp=WOS_CPL;https://doi.org/10.6002/ect.2020.0109
;"Haberal, Mehmet";"Baskent Univ, Div Transplantat, Fac Med, Dept Gen Surg, Ankara, Turkey";Q4;4;"Review";"Sarialioglu, F; Apak, FBB; Haberal, M";"Can Hepatitis A Vaccine Provide Protection Against COVID-19?";"EXPERIMENTAL AND CLINICAL TRANSPLANTATION";2020;"18(2):141-143";WOS:000525736000002;https://gateway.webofknowledge.com/gateway/Gateway.cgi?GWVersion=2&SrcApp=Publons&SrcAuth=Publons_CEL&KeyUT=WOS:000525736000002&DestLinkType=FullRecord&DestApp=WOS_CPL;https://doi.org/10.6002/ect.2020.0109
;"Mirza, Hasan Cenk";"Baskent Univ, Dept Med Microbiol, Fac Med, Ankara, Turkey";Q2;4;"Article";"Mirza, HC; Hortac, E; Kocak, AA; Demirkaya, MH; Yayla, B; Guclu, AU; Bustaoglu, A";"In vitro activity of ceftolozane-tazobactam and ceftazidime-avibactam against clinical isolates of meropenem-non-susceptible Pseudomonas aeruginosa: A two-centre study";"JOURNAL OF GLOBAL ANTIMICROBIAL RESISTANCE";2020;"20:334-338";WOS:000522221800065;https://gateway.webofknowledge.com/gateway/Gateway.cgi?GWVersion=2&SrcApp=Publons&SrcAuth=Publons_CEL&KeyUT=WOS:000522221800065&DestLinkType=FullRecord&DestApp=WOS_CPL;https://doi.org/10.1016/j.jgar.2019.09.016
;"Hortac, Elvan";"Baskent Univ, Dept Med Microbiol, Fac Med, Ankara, Turkey";Q2;4;"Article";"Mirza, HC; Hortac, E; Kocak, AA; Demirkaya, MH; Yayla, B; Guclu, AU; Bustaoglu, A";"In vitro activity of ceftolozane-tazobactam and ceftazidime-avibactam against clinical isolates of meropenem-non-susceptible Pseudomonas aeruginosa: A two-centre study";"JOURNAL OF GLOBAL ANTIMICROBIAL RESISTANCE";2020;"20:334-338";WOS:000522221800065;https://gateway.webofknowledge.com/gateway/Gateway.cgi?GWVersion=2&SrcApp=Publons&SrcAuth=Publons_CEL&KeyUT=WOS:000522221800065&DestLinkType=FullRecord&DestApp=WOS_CPL;https://doi.org/10.1016/j.jgar.2019.09.016
;"Kocak, Aylin Altay";"Baskent Univ, Dept Med Microbiol, Fac Med, Ankara, Turkey";Q2;4;"Article";"Mirza, HC; Hortac, E; Kocak, AA; Demirkaya, MH; Yayla, B; Guclu, AU; Bustaoglu, A";"In vitro activity of ceftolozane-tazobactam and ceftazidime-avibactam against clinical isolates of meropenem-non-susceptible Pseudomonas aeruginosa: A two-centre study";"JOURNAL OF GLOBAL ANTIMICROBIAL RESISTANCE";2020;"20:334-338";WOS:000522221800065;https://gateway.webofknowledge.com/gateway/Gateway.cgi?GWVersion=2&SrcApp=Publons&SrcAuth=Publons_CEL&KeyUT=WOS:000522221800065&DestLinkType=FullRecord&DestApp=WOS_CPL;https://doi.org/10.1016/j.jgar.2019.09.016
;"Guclu, Aylin Uskudar";"Baskent Univ, Dept Med Microbiol, Fac Med, Ankara, Turkey";Q2;4;"Article";"Mirza, HC; Hortac, E; Kocak, AA; Demirkaya, MH; Yayla, B; Guclu, AU; Bustaoglu, A";"In vitro activity of ceftolozane-tazobactam and ceftazidime-avibactam against clinical isolates of meropenem-non-susceptible Pseudomonas aeruginosa: A two-centre study";"JOURNAL OF GLOBAL ANTIMICROBIAL RESISTANCE";2020;"20:334-338";WOS:000522221800065;https://gateway.webofknowledge.com/gateway/Gateway.cgi?GWVersion=2&SrcApp=Publons&SrcAuth=Publons_CEL&KeyUT=WOS:000522221800065&DestLinkType=FullRecord&DestApp=WOS_CPL;https://doi.org/10.1016/j.jgar.2019.09.016
;"Bustaoglu, Ahmet";"Baskent Univ, Dept Med Microbiol, Fac Med, Ankara, Turkey";Q2;4;"Article";"Mirza, HC; Hortac, E; Kocak, AA; Demirkaya, MH; Yayla, B; Guclu, AU; Bustaoglu, A";"In vitro activity of ceftolozane-tazobactam and ceftazidime-avibactam against clinical isolates of meropenem-non-susceptible Pseudomonas aeruginosa: A two-centre study";"JOURNAL OF GLOBAL ANTIMICROBIAL RESISTANCE";2020;"20:334-338";WOS:000522221800065;https://gateway.webofknowledge.com/gateway/Gateway.cgi?GWVersion=2&SrcApp=Publons&SrcAuth=Publons_CEL&KeyUT=WOS:000522221800065&DestLinkType=FullRecord&DestApp=WOS_CPL;https://doi.org/10.1016/j.jgar.2019.09.016
;"Demirkaya, M. Hamiyet";"Baskent Univ, Dept Infect Dis & Clin Microbiol, Fac Med, Ankara, Turkey";Q2;4;"Article";"Mirza, HC; Hortac, E; Kocak, AA; Demirkaya, MH; Yayla, B; Guclu, AU; Bustaoglu, A";"In vitro activity of ceftolozane-tazobactam and ceftazidime-avibactam against clinical isolates of meropenem-non-susceptible Pseudomonas aeruginosa: A two-centre study";"JOURNAL OF GLOBAL ANTIMICROBIAL RESISTANCE";2020;"20:334-338";WOS:000522221800065;https://gateway.webofknowledge.com/gateway/Gateway.cgi?GWVersion=2&SrcApp=Publons&SrcAuth=Publons_CEL&KeyUT=WOS:000522221800065&DestLinkType=FullRecord&DestApp=WOS_CPL;https://doi.org/10.1016/j.jgar.2019.09.016
;"Yayla, Buket";"Baskent Univ, Adana Med & Res Ctr, Dept Med Microbiol, Fac Med, Adana, Turkey";Q2;4;"Article";"Mirza, HC; Hortac, E; Kocak, AA; Demirkaya, MH; Yayla, B; Guclu, AU; Bustaoglu, A";"In vitro activity of ceftolozane-tazobactam and ceftazidime-avibactam against clinical isolates of meropenem-non-susceptible Pseudomonas aeruginosa: A two-centre study";"JOURNAL OF GLOBAL ANTIMICROBIAL RESISTANCE";2020;"20:334-338";WOS:000522221800065;https://gateway.webofknowledge.com/gateway/Gateway.cgi?GWVersion=2&SrcApp=Publons&SrcAuth=Publons_CEL&KeyUT=WOS:000522221800065&DestLinkType=FullRecord&DestApp=WOS_CPL;https://doi.org/10.1016/j.jgar.2019.09.016
;"Onal, Cem";"Baskent Univ Fac Med, Treatment Ctr, Dept Radiat Oncol, Turgut Noyan Res, TR-01120 Adana, Turkey";Q1;4;"Article";"Onal, C; Guler, OC; Torun, N; Reyhan, M; Yapar, AF";"The effect of androgen deprivation therapy on Ga-68-PSMA tracer uptake in non-metastatic prostate cancer patients";"EUROPEAN JOURNAL OF NUCLEAR MEDICINE AND MOLECULAR IMAGING";2020;"47(3):632-641";WOS:000517882500018;https://gateway.webofknowledge.com/gateway/Gateway.cgi?GWVersion=2&SrcApp=Publons&SrcAuth=Publons_CEL&KeyUT=WOS:000517882500018&DestLinkType=FullRecord&DestApp=WOS_CPL;https://doi.org/10.1007/s00259-019-04581-4
;"Guler, Ozan Cem";"Baskent Univ Fac Med, Treatment Ctr, Dept Radiat Oncol, Turgut Noyan Res, TR-01120 Adana, Turkey";Q1;4;"Article";"Onal, C; Guler, OC; Torun, N; Reyhan, M; Yapar, AF";"The effect of androgen deprivation therapy on Ga-68-PSMA tracer uptake in non-metastatic prostate cancer patients";"EUROPEAN JOURNAL OF NUCLEAR MEDICINE AND MOLECULAR IMAGING";2020;"47(3):632-641";WOS:000517882500018;https://gateway.webofknowledge.com/gateway/Gateway.cgi?GWVersion=2&SrcApp=Publons&SrcAuth=Publons_CEL&KeyUT=WOS:000517882500018&DestLinkType=FullRecord&DestApp=WOS_CPL;https://doi.org/10.1007/s00259-019-04581-4
;"Torun, Nese";"Baskent Univ Fac Med, Treatment Ctr, Dept Nucl Med, Turgut Noyan Res, Adana, Turkey";Q1;4;"Article";"Onal, C; Guler, OC; Torun, N; Reyhan, M; Yapar, AF";"The effect of androgen deprivation therapy on Ga-68-PSMA tracer uptake in non-metastatic prostate cancer patients";"EUROPEAN JOURNAL OF NUCLEAR MEDICINE AND MOLECULAR IMAGING";2020;"47(3):632-641";WOS:000517882500018;https://gateway.webofknowledge.com/gateway/Gateway.cgi?GWVersion=2&SrcApp=Publons&SrcAuth=Publons_CEL&KeyUT=WOS:000517882500018&DestLinkType=FullRecord&DestApp=WOS_CPL;https://doi.org/10.1007/s00259-019-04581-4
;"Reyhan, Mehmet";"Baskent Univ Fac Med, Treatment Ctr, Dept Nucl Med, Turgut Noyan Res, Adana, Turkey";Q1;4;"Article";"Onal, C; Guler, OC; Torun, N; Reyhan, M; Yapar, AF";"The effect of androgen deprivation therapy on Ga-68-PSMA tracer uptake in non-metastatic prostate cancer patients";"EUROPEAN JOURNAL OF NUCLEAR MEDICINE AND MOLECULAR IMAGING";2020;"47(3):632-641";WOS:000517882500018;https://gateway.webofknowledge.com/gateway/Gateway.cgi?GWVersion=2&SrcApp=Publons&SrcAuth=Publons_CEL&KeyUT=WOS:000517882500018&DestLinkType=FullRecord&DestApp=WOS_CPL;https://doi.org/10.1007/s00259-019-04581-4
;"Yapar, Ali Fuat";"Baskent Univ Fac Med, Treatment Ctr, Dept Nucl Med, Turgut Noyan Res, Adana, Turkey";Q1;4;"Article";"Onal, C; Guler, OC; Torun, N; Reyhan, M; Yapar, AF";"The effect of androgen deprivation therapy on Ga-68-PSMA tracer uptake in non-metastatic prostate cancer patients";"EUROPEAN JOURNAL OF NUCLEAR MEDICINE AND MOLECULAR IMAGING";2020;"47(3):632-641";WOS:000517882500018;https://gateway.webofknowledge.com/gateway/Gateway.cgi?GWVersion=2&SrcApp=Publons&SrcAuth=Publons_CEL&KeyUT=WOS:000517882500018&DestLinkType=FullRecord&DestApp=WOS_CPL;https://doi.org/10.1007/s00259-019-04581-4
*;"Disel, U- Kose, F- Bilici, A- Ozguroglu, M- Saglam, S- Seker, M- Aksoy, S- Tek, I- Eralp, Y- Mandel, NM- Demir, G- Arslan, C- Demiray, M- Salepci, T- Ozturk, MA- Selcukbiricik, F- Temizas, G- Fidan, EG";"Acibadem Adana Hosp, Dept Med Oncol, Adana, Turkey- Baskent Univ, Dept Med Oncol, Adana Dr Turgut Noyan Applicat & Res Ctr, Adana, Turkey- Istanbul Medipol Univ, Med Fac, Dept Med Oncol, Istanbul, Turkey- Istanbul Univ Cerrahpasa, Cerrahpasa Sch Med, Istanbul, Turkey- Gayrettepe Florence Nightingale Hosp, Dept Med Oncol, Istanbul, Turkey- Bezmialem Vakif Univ, Dept Med Oncol, Istanbul, Turkey- Hacettepe Univ, Dept Med Oncol, Canc Inst, Ankara, Turkey- Medicana Int Ankara Hosp, Dept Med Oncol, Ankara, Turkey- Acibadem Maslak Hosp, Dept Med Oncol, Istanbul, Turkey- Amer Hosp, Dept Med Oncol, Istanbul, Turkey- Acibadem Maslak Hosp, Dept Oncol, Istanbul, Turkey- Med Pk Izmir Hosp, Dept Med Oncol, Izmir, Turkey- Medicana Int Istanbul Hosp, Dept Med Oncol, Istanbul, Turkey- Istanbul Oncol Hosp, Dept Med Oncol, Istanbul, Turkey- VM Med Pk Pend Hosp, Dept Oncol, Istanbul, Turkey- Koc Univ, Med Fac, Dept Med Oncol, Istanbul, Turkey- Infogenet Mol Informat Serv, Istanbul, Turkey";Q1;0;"Meeting Abstract";"Disel, U; Kose, F; Bilici, A; Ozguroglu, M; Saglam, S; Seker, M; Aksoy, S; Tek, I; Eralp, Y; Mandel, NM; Demir, G; Arslan, C; Demiray, M; Salepci, T; Ozturk, MA; Selcukbiricik, F; Temizas, G; Fidan, EG";"Determine the impact of hybrid capture-based comprehensive genomic profiling (CGP) on the treatment strategies in patients with solid tumors: A national, multicenter, retrospective study.";"JOURNAL OF CLINICAL ONCOLOGY";2020;"38(15):-";WOS:000560368304383;https://gateway.webofknowledge.com/gateway/Gateway.cgi?GWVersion=2&SrcApp=Publons&SrcAuth=Publons_CEL&KeyUT=WOS:000560368304383&DestLinkType=FullRecord&DestApp=WOS_CPL;https://doi.org/
